product_id,product_category,product_type_code,product_colour,product_size,product_name,cost_price
39422053908558,Outerwear,BSTK0101,Clay,1X,Bomber Jacket - Clay / 1X,59.03
39422053941326,Outerwear,BSTK0101,Clay,2X,Bomber Jacket - Clay / 2X,59.03
39422053810254,Outerwear,BSTK0101,Clay,Medium,Bomber Jacket - Clay / Medium,52.79
39422054170702,Outerwear,BSTK0101,Jet Black,1X,Bomber Jacket - Jet Black / 1X,59.03
39422054236238,Outerwear,BSTK0101,Jet Black,3X,Bomber Jacket - Jet Black / 3X,60.73
39422054105166,Outerwear,BSTK0101,Jet Black,Large,Bomber Jacket - Jet Black / Large,56.76
39422054072398,Outerwear,BSTK0101,Jet Black,Medium,Bomber Jacket - Jet Black / Medium,52.79
39422054137934,Outerwear,BSTK0101,Jet Black,XL,Bomber Jacket - Jet Black / XL,57.9
40131542122574,Outerwear,BSTK0101,Midnight,1X,Bomber Jacket - Midnight / 1X,59.03
40131542057038,Outerwear,BSTK0101,Midnight,Large,Bomber Jacket - Midnight / Large,56.76
40131542089806,Outerwear,BSTK0101,Midnight,XL,Bomber Jacket - Midnight / XL,57.9
40230424936526,Outerwear,BSTK0101,Petal,1X,Bomber Jacket - Petal / 1X,59.03
39422053548110,Outerwear,BSTK0101,Hazel,Large,Bomber Jacket - Hazel / Large,56.76
39422053515342,Outerwear,BSTK0101,Hazel,Medium,Bomber Jacket - Hazel / Medium,52.79
39422053351502,Outerwear,BSTK0101,Sand,1X,Bomber Jacket - Sand / 1X,59.03
39422053417038,Outerwear,BSTK0101,Sand,3X,Bomber Jacket - Sand / 3X,60.73
39422053253198,Outerwear,BSTK0101,Sand,Medium,Bomber Jacket - Sand / Medium,52.79
39422053220430,Outerwear,BSTK0101,Sand,Small,Bomber Jacket - Sand / Small,51.08
39422053318734,Outerwear,BSTK0101,Sand,XL,Bomber Jacket - Sand / XL,57.9
32645809209422,Outerwear,EQCTT02,Moss,1X,Coat - Moss / 1X,38.44
32645809274958,Outerwear,EQCTT02,Moss,2X,Coat - Moss / 2X,38.44
32645809471566,Outerwear,EQCTT02,Moss,3X,Coat - Moss / 3X,39.55
32645808783438,Outerwear,EQCTT02,Moss,Large,Coat - Moss / Large,36.96
32645808685134,Outerwear,EQCTT02,Moss,Medium,Coat - Moss / Medium,34.37
32645808488526,Outerwear,EQCTT02,Moss,Small,Coat - Moss / Small,33.26
32645809143886,Outerwear,EQCTT02,Moss,XL,Coat - Moss / XL,37.7
32645807571022,Outerwear,EQCTT02,Moss,XS,Coat - Moss / XS,32.52
39509205319758,Outerwear,EQCTT01,Cinnamon,1X,Coat - Cinnamon / 1X,38.44
39509205221454,Outerwear,EQCTT01,Cinnamon,Medium,Coat - Cinnamon / Medium,34.37
39509205286990,Outerwear,EQCTT01,Cinnamon,XL,Coat - Cinnamon / XL,37.7
32645834309710,Outerwear,EQCTT01,Clay,2X,Coat - Clay / 2X,38.44
32645827788878,Outerwear,EQCTT01,Clay,Medium,Coat - Clay / Medium,34.37
32645832638542,Outerwear,EQCTT01,Clay,XL,Coat - Clay / XL,37.7
32645823856718,Outerwear,EQCTT01,Navy,2X,Coat - Navy / 2X,38.44
32645820743758,Outerwear,EQCTT02,Navy,Large,Coat - Navy / Large,36.96
32645816680526,Outerwear,EQCTT02,Navy,Medium,Coat - Navy / Medium,34.37
32645822087246,Outerwear,EQCTT01,Navy,XL,Coat - Navy / XL,37.7
32645815271502,Outerwear,EQCTT01,Navy,XS,Coat - Navy / XS,32.52
31975518568526,Outerwear,EQCTT01,Ember,1X,Coat - Ember / 1X,38.44
31975518601294,Outerwear,EQCTT01,Ember,2X,Coat - Ember / 2X,38.44
31975518470222,Outerwear,EQCTT01,Ember,Large,Coat - Ember / Large,36.96
31975518404686,Outerwear,EQCTT01,Ember,Small,Coat - Ember / Small,33.26
31975518502990,Outerwear,EQCTT01,Ember,XL,Coat - Ember / XL,37.7
31975518830670,Outerwear,EQCTT02,Sand,1X,Coat - Sand / 1X,38.44
31975518863438,Outerwear,EQCTT02,Sand,2X,Coat - Sand / 2X,38.44
31975518896206,Outerwear,EQCTT02,Sand,3X,Coat - Sand / 3X,39.55
31975518765134,Outerwear,EQCTT02,Sand,Large,Coat - Sand / Large,36.96
31975518732366,Outerwear,EQCTT02,Sand,Medium,Coat - Sand / Medium,34.37
31975518699598,Outerwear,EQCTT02,Sand,Small,Coat - Sand / Small,33.26
31975518797902,Outerwear,EQCTT02,Sand,XL,Coat - Sand / XL,37.7
31975518666830,Outerwear,EQCTT02,Sand,XS,Coat - Sand / XS,32.52
31975519092814,Outerwear,EQCTT02,Dusk,1X,Coat - Dusk / 1X,38.44
31975519125582,Outerwear,EQCTT02,Dusk,2X,Coat - Dusk / 2X,38.44
39421320298574,Outerwear,EQCTT02,Dusk,3X,Coat - Dusk / 3X,39.55
31975519027278,Outerwear,EQCTT02,Dusk,Large,Coat - Dusk / Large,36.96
31975518994510,Outerwear,EQCTT02,Dusk,Medium,Coat - Dusk / Medium,34.37
31975518961742,Outerwear,EQCTT02,Dusk,Small,Coat - Dusk / Small,33.26
31975519060046,Outerwear,EQCTT02,Dusk,XL,Coat - Dusk / XL,37.7
31975518928974,Outerwear,EQCTT02,Dusk,XS,Coat - Dusk / XS,32.52
40108652101710,Outerwear,TPCM00006,Moss,1X,Denim Jacket - Moss / 1X,40.73
40108652134478,Outerwear,TPCM00006,Moss,2X,Denim Jacket - Moss / 2X,40.73
40108652036174,Outerwear,TPCM00006,Moss,Large,Denim Jacket - Moss / Large,39.16
40108652003406,Outerwear,TPCM00006,Moss,Medium,Denim Jacket - Moss / Medium,36.42
40108652068942,Outerwear,TPCM00006,Moss,XL,Denim Jacket - Moss / XL,39.94
40222443798606,Outerwear,TPCM00006,Clay,3X,Denim Jacket - Clay / 3X,41.9
40222443700302,Outerwear,TPCM00006,Clay,XL,Denim Jacket - Clay / XL,39.94
40108651839566,Outerwear,TPCM00006,Hazel,1X,Denim Jacket - Hazel / 1X,40.73
40108651872334,Outerwear,TPCM00006,Hazel,2X,Denim Jacket - Hazel / 2X,40.73
40108651741262,Outerwear,TPCM00006,Hazel,Medium,Denim Jacket - Hazel / Medium,36.42
40108651806798,Outerwear,TPCM00006,Hazel,XL,Denim Jacket - Hazel / XL,39.94
40108651511886,Outerwear,TPCM00006,Sand,Large,Denim Jacket - Sand / Large,39.16
40108651479118,Outerwear,TPCM00006,Sand,Medium,Denim Jacket - Sand / Medium,36.42
40108651315278,Outerwear,TPCM00006,Dusk,1X,Denim Jacket - Dusk / 1X,40.73
40108651348046,Outerwear,TPCM00006,Dusk,2X,Denim Jacket - Dusk / 2X,40.73
40108651249742,Outerwear,TPCM00006,Dusk,Large,Denim Jacket - Dusk / Large,39.16
40108651216974,Outerwear,TPCM00006,Dusk,Medium,Denim Jacket - Dusk / Medium,36.42
40108651282510,Outerwear,TPCM00006,Dusk,XL,Denim Jacket - Dusk / XL,39.94
40131529310286,Sportswear,EQEH02,Midnight,Medium,Thread Hoodie - Midnight / Medium,28.97
40131529277518,Sportswear,EQEH02,Midnight,Small,Thread Hoodie - Midnight / Small,28.04
29933911244878,Sportswear,EQEH02,Mocha,2X,Thread Hoodie - Mocha / 2X,32.4
28587503550542,Sportswear,EQEH02,Mocha,3X,Thread Hoodie - Mocha / 3X,33.33
31892461355086,Sportswear,EQEH02,Mocha,Large,Thread Hoodie - Mocha / Large,31.15
31892461584462,Sportswear,EQEH02,Mocha,Medium,Thread Hoodie - Mocha / Medium,28.97
28587545591886,Sportswear,EQEH02,Mocha,Small,Thread Hoodie - Mocha / Small,31.77
28587503681614,Sportswear,EQEH02,Mocha,XL,Thread Hoodie - Mocha / XL,31.77
31677168287822,Sportswear,EQEH02,Mocha,XS,Thread Hoodie - Mocha / XS,27.41
40128470646862,Sportswear,EQEH02,Hazel,1X,Thread Hoodie - Hazel / 1X,32.4
40128470679630,Sportswear,EQEH02,Hazel,2X,Thread Hoodie - Hazel / 2X,32.4
40128470712398,Sportswear,EQEH02,Hazel,3X,Thread Hoodie - Hazel / 3X,33.33
40128470581326,Sportswear,EQEH02,Hazel,Large,Thread Hoodie - Hazel / Large,31.15
40128470548558,Sportswear,EQEH02,Hazel,Medium,Thread Hoodie - Hazel / Medium,28.97
40128470515790,Sportswear,EQEH02,Hazel,Small,Thread Hoodie - Hazel / Small,28.04
40128470614094,Sportswear,EQEH02,Hazel,XL,Thread Hoodie - Hazel / XL,31.77
40128470483022,Sportswear,EQEH02,Hazel,XS,Thread Hoodie - Hazel / XS,27.41
29426772082766,Sportswear,EQEH02,Ember,1X,Thread Hoodie - Ember / 1X,32.4
28587503517774,Sportswear,EQEH02,Ember,2X,Thread Hoodie - Ember / 2X,32.4
28587503550542,Sportswear,EQEH02,Ember,3X,Thread Hoodie - Ember / 3X,33.33
28587503452238,Sportswear,EQEH02,Ember,Large,Thread Hoodie - Ember / Large,31.15
28587503419470,Sportswear,EQEH02,Ember,Medium,Thread Hoodie - Ember / Medium,28.97
28587503386702,Sportswear,EQEH02,Ember,Small,Thread Hoodie - Ember / Small,28.04
28587503485006,Sportswear,EQEH02,Ember,XL,Thread Hoodie - Ember / XL,31.77
31677164748878,Sportswear,EQEH02,Ember,XS,Thread Hoodie - Ember / XS,27.41
29426777882702,Sportswear,EQEH02,Sand,1X,Thread Hoodie - Sand / 1X,32.4
28587503714382,Sportswear,EQEH02,Sand,2X,Thread Hoodie - Sand / 2X,32.4
28587503747150,Sportswear,EQEH02,Sand,3X,Thread Hoodie - Sand / 3X,33.33
28587503648846,Sportswear,EQEH02,Sand,Large,Thread Hoodie - Sand / Large,31.15
28587503616078,Sportswear,EQEH02,Sand,Medium,Thread Hoodie - Sand / Medium,28.97
28587503583310,Sportswear,EQEH02,Sand,Small,Thread Hoodie - Sand / Small,28.04
28587503681614,Sportswear,EQEH02,Sand,XL,Thread Hoodie - Sand / XL,31.77
31677168287822,Sportswear,EQEH02,Sand,XS,Thread Hoodie - Sand / XS,27.41
29426780373070,Sportswear,EQEH02,Dusk,1X,Thread Hoodie - Dusk / 1X,32.4
28587546017870,Sportswear,EQEH02,Dusk,2X,Thread Hoodie - Dusk / 2X,32.4
28587546443854,Sportswear,EQEH02,Dusk,3X,Thread Hoodie - Dusk / 3X,33.33
28587538153550,Sportswear,EQEH02,Dusk,Large,Thread Hoodie - Dusk / Large,31.15
28587535892558,Sportswear,EQEH02,Dusk,Medium,Thread Hoodie - Dusk / Medium,28.97
28587533238350,Sportswear,EQEH02,Dusk,Small,Thread Hoodie - Dusk / Small,28.04
28587545591886,Sportswear,EQEH02,Dusk,XL,Thread Hoodie - Dusk / XL,31.77
31677171564622,Sportswear,EQEH02,Dusk,XS,Thread Hoodie - Dusk / XS,27.41
40017313431630,Sportswear,EQEJ00001,Jet Black,Large,Thread Joggers - Jet Black / Large,41.65
40017313398862,Sportswear,EQEJ00001,Jet Black,Medium,Thread Joggers - Jet Black / Medium,38.73
40017313366094,Sportswear,EQEJ00001,Jet Black,Small,Thread Joggers - Jet Black / Small,37.49
40017313464398,Sportswear,EQEJ00001,Jet Black,XL,Thread Joggers - Jet Black / XL,42.48
39668552040526,Loungewear,ESLP00001,Moss,1X,Thread Pyjama Set - Moss / 1X,10.95
39668552433742,Loungewear,ESLP00001,Moss,2X,Thread Pyjama Set - Moss / 2X,10.95
39668550795342,Loungewear,ESLP00001,Moss,Large,Thread Pyjama Set - Moss / Large,10.53
39668550697038,Loungewear,ESLP00001,Moss,Medium,Thread Pyjama Set - Moss / Medium,9.79
39668549845070,Loungewear,ESLP00001,Moss,Small,Thread Pyjama Set - Moss / Small,9.48
39668551614542,Loungewear,ESLP00001,Moss,XL,Thread Pyjama Set - Moss / XL,10.74
40241675173966,Loungewear,ESLP00001,Cinnamon,1X,Thread Pyjama Set - Cinnamon / 1X,10.95
40241675042894,Loungewear,ESLP00001,Cinnamon,Small,Thread Pyjama Set - Cinnamon / Small,9.48
39668528414798,Loungewear,ESLP00001,Clay,1X,Thread Pyjama Set - Clay / 1X,10.95
39668519862350,Loungewear,ESLP00001,Clay,Medium,Thread Pyjama Set - Clay / Medium,9.79
39668528087118,Loungewear,ESLP00001,Clay,XL,Thread Pyjama Set - Clay / XL,10.74
39744217645134,Loungewear,ESLP00001,Opal,Large,Thread Pyjama Set - Opal / Large,10.53
39744217579598,Loungewear,ESLP00001,Opal,Small,Thread Pyjama Set - Opal / Small,9.48
39634103435342,Loungewear,ESLP00001,Peony,1X,Thread Pyjama Set - Peony / 1X,10.95
39634103337038,Loungewear,ESLP00001,Peony,Medium,Thread Pyjama Set - Peony / Medium,9.79
39634103402574,Loungewear,ESLP00001,Peony,XL,Thread Pyjama Set - Peony / XL,10.74
39668545749070,Loungewear,ESLP00001,Hazel,1X,Thread Pyjama Set - Hazel / 1X,10.95
39668544733262,Loungewear,ESLP00001,Hazel,Large,Thread Pyjama Set - Hazel / Large,10.53
39668544110670,Loungewear,ESLP00001,Hazel,Medium,Thread Pyjama Set - Hazel / Medium,9.79
39668539195470,Loungewear,ESLP00001,Hazel,Small,Thread Pyjama Set - Hazel / Small,9.48
39668545421390,Loungewear,ESLP00001,Hazel,XL,Thread Pyjama Set - Hazel / XL,10.74
39668538409038,Loungewear,ESLP00001,Hazel,XS,Thread Pyjama Set - Hazel / XS,9.27
39668514455630,Loungewear,ESLP00001,Sand,1X,Thread Pyjama Set - Sand / 1X,10.95
39668515405902,Loungewear,ESLP00001,Sand,2X,Thread Pyjama Set - Sand / 2X,10.95
39668515668046,Loungewear,ESLP00001,Sand,3X,Thread Pyjama Set - Sand / 3X,11.27
39668514259022,Loungewear,ESLP00001,Sand,Large,Thread Pyjama Set - Sand / Large,10.53
39668513538126,Loungewear,ESLP00001,Sand,Medium,Thread Pyjama Set - Sand / Medium,9.79
39668513374286,Loungewear,ESLP00001,Sand,Small,Thread Pyjama Set - Sand / Small,9.48
39668514390094,Loungewear,ESLP00001,Sand,XL,Thread Pyjama Set - Sand / XL,10.74
39668501381198,Loungewear,ESLP00001,Sand,XS,Thread Pyjama Set - Sand / XS,9.27
39668498792526,Loungewear,ESLP00001,Dusk,1X,Thread Pyjama Set - Dusk / 1X,10.95
39668499939406,Loungewear,ESLP00001,Dusk,2X,Thread Pyjama Set - Dusk / 2X,10.95
39668527661134,Loungewear,ESLP00001,Dusk,3X,Thread Pyjama Set - Dusk / 3X,11.27
39668494401614,Loungewear,ESLP00001,Dusk,Large,Thread Pyjama Set - Dusk / Large,10.53
39668492304462,Loungewear,ESLP00001,Dusk,Medium,Thread Pyjama Set - Dusk / Medium,9.79
39668490469454,Loungewear,ESLP00001,Dusk,Small,Thread Pyjama Set - Dusk / Small,9.48
39668497678414,Loungewear,ESLP00001,Dusk,XL,Thread Pyjama Set - Dusk / XL,10.74
39614897913934,Tops,ETET0101,Moss,1X,Thread Top - Moss / 1X,51.48
39614897946702,Tops,ETET0101,Moss,2X,Thread Top - Moss / 2X,51.48
39614898012238,Tops,ETET0101,Moss,3X,Thread Top - Moss / 3X,52.97
39614898438222,Tops,ETET0101,Moss,Large,Thread Top - Moss / Large,49.5
39614897553486,Tops,ETET0101,Moss,Medium,Thread Top - Moss / Medium,46.04
39614896832590,Tops,ETET0101,Moss,Small,Thread Top - Moss / Small,44.55
39614897619022,Tops,ETET0101,Moss,XL,Thread Top - Moss / XL,50.49
39616647004238,Tops,ETET0101,Cinnamon,Large,Thread Top - Cinnamon / Large,49.5
39616634290254,Tops,ETET0101,Cinnamon,Medium,Thread Top - Cinnamon / Medium,46.04
40251781775438,Tops,ETET0101,Espresso,Medium,Thread Top - Espresso / Medium,46.04
40251777056846,Tops,ETET0101,Espresso,Small,Thread Top - Espresso / Small,44.55
40131549036622,Tops,ETET0101,Midnight,Large,Thread Top - Midnight / Large,49.5
40131548971086,Tops,ETET0101,Midnight,Small,Thread Top - Midnight / Small,44.55
40131549069390,Tops,ETET0101,Midnight,XL,Thread Top - Midnight / XL,50.49
40131553951822,Tops,ETET0101,Midnight,XS,Thread Top - Midnight / XS,50.49
39337886253134,Tops,ETET0101,Mocha,Large,Thread Top - Mocha / Large,49.5
39337885630542,Tops,ETET0101,Mocha,Medium,Thread Top - Mocha / Medium,46.04
39337885925454,Tops,ETET0101,Midnight,Medium,Thread Top - Midnight / Medium,46.04
40241988665422,Tops,ETET0101,Navy,Medium,Thread Top - Navy / Medium,46.04
40241988599886,Tops,ETET0101,Navy,Small,Thread Top - Navy / Small,44.55
40241988796494,Tops,ETET0101,Navy,XL,Thread Top - Navy / XL,50.49
39457103839310,Tops,ETET0301,Ember,1X,Thread Top - Ember / 1X,51.48
39337885728846,Tops,ETET0101,Mocha,1X,Thread Top - Mocha / 1X,51.48
39457102790734,Tops,ETET0301,Ember,Large,Thread Top - Ember / Large,49.5
39337885663310,Tops,ETET0101,Espresso,Large,Thread Top - Espresso / Large,49.5
39457102463054,Tops,ETET0301,Ember,Medium,Thread Top - Ember / Medium,46.04
39337885597774,Tops,ETET0101,Ember,Small,Thread Top - Ember / Small,44.55
39337885696078,Tops,ETET0101,Ember,XL,Thread Top - Ember / XL,50.49
39457107411022,Tops,ETET0101,Sand,1X,Thread Top - Sand / 1X,51.48
39337886023758,Tops,ETET0101,Sand,3X,Thread Top - Sand / 3X,51.48
39337886056526,Tops,ETET0101,Sand,2X,Thread Top - Sand / 2X,51.48
39727192440910,Tops,ETET0101,Sand,4X,Thread Top - Sand / 4X,52.97
39457107148878,Tops,ETET0101,Sand,Large,Thread Top - Sand / Large,49.5
39337885958222,Tops,ETET0101,Slate,Large,Thread Top - Slate / Large,49.5
39457107083342,Tops,ETET0101,Sand,Medium,Thread Top - Sand / Medium,46.04
39457106821198,Tops,ETET0101,Sand,Small,Thread Top - Sand / Small,44.55
39337885892686,Tops,ETET0101,Slate,Small,Thread Top - Slate / Small,44.55
39457107247182,Tops,ETET0101,Sand,XL,Thread Top - Sand / XL,50.49
39337885990990,Tops,ETET0101,Cinnamon,XL,Thread Top - Cinnamon / XL,50.49
39457105969230,Tops,ETET0101,Sand,XS,Thread Top - Sand / XS,43.56
39337886318670,Tops,ETET0101,Dusk,1X,Thread Top - Dusk / 1X,51.48
39457108688974,Tops,ETET0101,Dusk,Large,Thread Top - Dusk / Large,49.5
39457108557902,Tops,ETET0101,Slate,Medium,Thread Top - Slate / Medium,46.04
39337886220366,Tops,ETET0101,Dusk,Medium,Thread Top - Dusk / Medium,46.04
39337886187598,Tops,ETET0101,Dusk,Small,Thread Top - Dusk / Small,44.55
39457108754510,Tops,ETET0101,Slate,XL,Thread Top - Slate / XL,50.49
39337886285902,Tops,ETET0101,Dusk,XL,Thread Top - Dusk / XL,50.49
40131549265998,Jeans,SLST00001,Glacier,Medium,ThreadJean Short - Glacier / Medium,38.5
40230642286670,Jeans,SLST00001,Navy,2X,ThreadJean Short - Navy / 2X,61.78
40230647660622,Jeans,SLST00001,Navy,Large,ThreadJean Short - Navy / Large,41.4
40230642155598,Jeans,SLST00001,Navy,Medium,ThreadJean Short - Navy / Medium,55.24
40230647627854,Jeans,SLST00001,Navy,Small,ThreadJean Short - Navy / Small,38.5
40230647693390,Jeans,SLST00001,Navy,XL,ThreadJean Short - Navy / XL,42.23
40338546950222,Jeans,SLST00001,Sienna,Large,ThreadJean Short - Sienna / Large,41.4
40338544590926,Jeans,SLST00001,Sienna,Medium,ThreadJean Short - Sienna / Medium,38.5
40440954617934,Jeans,SLST00001,Sienna,Small,ThreadJean Short - Sienna / Small,38.5
40440954650702,Jeans,SLST00001,Sienna,XL,ThreadJean Short - Sienna / XL,41.4
40131554148430,Jeans,SLST00001,Glacier,Medium,ThreadJean Short Sleeve Top - Glacier / Medium,38.5
40230646349902,Jeans,SLST00001,Navy,Medium,ThreadJean Short Sleeve Top - Navy / Medium,38.5
40239451668558,Jeans,SLCM00001,Moss,Medium,ThreadJean Skinny - Moss / Medium,38.5
40131529605198,Jeans,SLCM00001,Glacier,Large,ThreadJean Skinny - Glacier / Large,41.4
40416201310286,Jeans,UWBI00002,Sienna,Large,ThreadJean Skinny - Sienna / Large,17.4
40416201113678,Jeans,UWBI00002,Sand,1X,ThreadJean Skinny - Sand / 1X,18.1
40416201048142,Jeans,UWBI00002,Sand,Large,ThreadJean Skinny - Sand / Large,17.4
40230640255054,Jeans,SLDR00001,Moss,3X,ThreadJean Straight - Moss / 3X,63.56
40230640123982,Jeans,SLDR00001B,Moss,Large,ThreadJean Straight - Moss / Large,59.4
40230640091214,Jeans,SLDR00001,Moss,Medium,ThreadJean Straight - Moss / Medium,55.24
40230640156750,Jeans,SLDR00001,Moss,XL,ThreadJean Straight - Moss / XL,60.59
40131542286414,Jeans,SLDR00001,Glacier,Medium,ThreadJean Straight - Glacier / Medium,55.24
40418104082510,Jeans,LGPT00001,Jet Black,Medium,ThreadJean Straight - Jet Black / Medium,55.24
40230639992910,Jeans,SLDR00001,Navy,3X,ThreadJean Straight - Navy / 3X,63.56
40230639861838,Jeans,SLDR00001B,Navy,Large,ThreadJean Straight - Navy / Large,59.4
40230639829070,Jeans,SLDR00001B,Navy,Medium,ThreadJean Straight - Navy / Medium,55.24
40418104049742,Jeans,LGPT00001,Navy,Small,ThreadJean Straight - Navy / Small,53.46
40230639894606,Jeans,SLDR00001B,Navy,XL,ThreadJean Straight - Navy / XL,60.59
40418104311886,Jeans,SLDR00002,Midnight,Small,ThreadJean Wide Leg - Midnight / Small,48.06
40409871056974,Jeans,LGTP00001,Navy,2X,ThreadJean Wide Leg - Navy / 2X,52.42
40409870925902,Jeans,LGTP00001,Navy,Medium,ThreadJean Wide Leg - Navy / Medium,46.87
40409870893134,Jeans,LGTP00001,Navy,Small,ThreadJean Wide Leg - Navy / Small,45.36
40418084552782,Jeans,SLDR00002,Sienna,2X,ThreadJean Wide Leg - Sienna / 2X,55.54
40418084454478,Jeans,SLDR00002,Sienna,Large,ThreadJean Wide Leg - Sienna / Large,53.4
40239063105614,Outerwear,TPCM00005,Navy,Large,Everyday Jacket - Navy / Large,39.16
40239063072846,Outerwear,TPCM00005,Navy,Medium,Everyday Jacket - Navy / Medium,36.42
40239063040078,Outerwear,TPCM00005,Navy,Small,Everyday Jacket - Navy / Small,35.24
40154585006158,Outerwear,TPCM00005,Ember,1X,Everyday Jacket - Ember / 1X,40.73
40154585071694,Outerwear,TPCM00005,Ember,3X,Everyday Jacket - Ember / 3X,41.9
40154584940622,Outerwear,TPCM00005,Ember,Large,Everyday Jacket - Ember / Large,39.16
40154584907854,Outerwear,TPCM00005,Ember,Medium,Everyday Jacket - Ember / Medium,36.42
40154584875086,Outerwear,TPCM00005,Ember,Small,Everyday Jacket - Ember / Small,35.24
40154584973390,Outerwear,TPCM00005,Ember,XL,Everyday Jacket - Ember / XL,39.94
40154584842318,Outerwear,TPCM00005,Ember,XS,Everyday Jacket - Ember / XS,34.46
40154584744014,Outerwear,TPCM00005,Sand,1X,Everyday Jacket - Sand / 1X,40.73
40154584776782,Outerwear,TPCM00005,Sand,2X,Everyday Jacket - Sand / 2X,40.73
40154584678478,Outerwear,TPCM00005,Sand,Large,Everyday Jacket - Sand / Large,39.16
40154584645710,Outerwear,TPCM00005,Sand,Medium,Everyday Jacket - Sand / Medium,36.42
40154584612942,Outerwear,TPCM00005,Sand,Small,Everyday Jacket - Sand / Small,35.24
40154584711246,Outerwear,TPCM00005,Sand,XL,Everyday Jacket - Sand / XL,39.94
40154584481870,Outerwear,TPCM00005,Dusk,1X,Everyday Jacket - Dusk / 1X,40.73
40154584514638,Outerwear,TPCM00005,Dusk,2X,Everyday Jacket - Dusk / 2X,40.73
40154584416334,Outerwear,TPCM00005,Dusk,Large,Everyday Jacket - Dusk / Large,39.16
40154584383566,Outerwear,TPCM00005,Dusk,Medium,Everyday Jacket - Dusk / Medium,36.42
40154584449102,Outerwear,TPCM00005,Dusk,XL,Everyday Jacket - Dusk / XL,39.94
39508946092110,Shirts,LWBR0201,Moss,1X,Long Sleeved Linen Shirt - Moss / 1X,23.3
39508946124878,Shirts,LWBR0201,Moss,2X,Long Sleeved Linen Shirt - Moss / 2X,23.3
39508946255950,Shirts,LWBR0201,Moss,3X,Long Sleeved Linen Shirt - Moss / 3X,23.97
39508945928270,Shirts,LWBR0201,Moss,Large,Long Sleeved Linen Shirt - Moss / Large,22.4
39508945862734,Shirts,LWBR0201,Moss,Medium,Long Sleeved Linen Shirt - Moss / Medium,20.83
39508945436750,Shirts,LWBR0201,Moss,Small,Long Sleeved Linen Shirt - Moss / Small,20.16
39508945993806,Shirts,LWBR0201,Moss,XL,Long Sleeved Linen Shirt - Moss / XL,22.85
40230657720398,Shirts,LWBR0201,Cinnamon,1X,Long Sleeved Linen Shirt - Cinnamon / 1X,23.3
40230657753166,Shirts,LWBR0201,Cinnamon,2X,Long Sleeved Linen Shirt - Cinnamon / 2X,23.3
32841361031246,Shirts,LWBR0201,Clay,1X,Long Sleeved Linen Shirt - Clay / 1X,23.3
32841361096782,Shirts,LWBR0201,Clay,3X,Long Sleeved Linen Shirt - Clay / 3X,23.97
32841360965710,Shirts,LWBR0201,Clay,Large,Long Sleeved Linen Shirt - Clay / Large,22.4
32841360932942,Shirts,LWBR0201,Clay,Medium,Long Sleeved Linen Shirt - Clay / Medium,20.83
32841360998478,Shirts,LWBR0201,Clay,XL,Long Sleeved Linen Shirt - Clay / XL,22.85
39867951513678,Shirts,LWBR0202,Opal,1X,Long Sleeved Linen Shirt - Opal / 1X,23.3
39867951546446,Shirts,LWBR0202,Opal,2X,Long Sleeved Linen Shirt - Opal / 2X,23.3
39867951448142,Shirts,LWBR0202,Opal,Large,Long Sleeved Linen Shirt - Opal / Large,22.4
39867951415374,Shirts,LWBR0202,Opal,Medium,Long Sleeved Linen Shirt - Opal / Medium,20.83
39867951382606,Shirts,LWBR0202,Opal,Small,Long Sleeved Linen Shirt - Opal / Small,20.16
39867951480910,Shirts,LWBR0202,Opal,XL,Long Sleeved Linen Shirt - Opal / XL,22.85
39645444505678,Shirts,LWBR0201,Peony,1X,Long Sleeved Linen Shirt - Peony / 1X,23.3
39645444800590,Shirts,LWBR0201,Peony,2X,Long Sleeved Linen Shirt - Peony / 2X,23.3
39645442736206,Shirts,LWBR0201,Peony,Large,Long Sleeved Linen Shirt - Peony / Large,22.4
39645442441294,Shirts,LWBR0201,Peony,Medium,Long Sleeved Linen Shirt - Peony / Medium,20.83
39645443424334,Shirts,LWBR0201,Peony,XL,Long Sleeved Linen Shirt - Peony / XL,22.85
32841360769102,Shirts,LWBR0201,Hazel,1X,Long Sleeved Linen Shirt - Hazel / 1X,23.3
32841360801870,Shirts,LWBR0201,Hazel,2X,Long Sleeved Linen Shirt - Hazel / 2X,23.3
32841360834638,Shirts,LWBR0201,Hazel,3X,Long Sleeved Linen Shirt - Hazel / 3X,23.97
32841360703566,Shirts,LWBR0201,Hazel,Large,Long Sleeved Linen Shirt - Hazel / Large,22.4
32841360670798,Shirts,LWBR0201,Hazel,Medium,Long Sleeved Linen Shirt - Hazel / Medium,20.83
32841360638030,Shirts,LWBR0201,Hazel,Small,Long Sleeved Linen Shirt - Hazel / Small,20.16
32841360736334,Shirts,LWBR0201,Hazel,XL,Long Sleeved Linen Shirt - Hazel / XL,22.85
39405461471310,Shirts,LWBR0201,Hazel,XS,Long Sleeved Linen Shirt - Hazel / XS,19.71
32841360506958,Shirts,LWBR0201,Sand,1X,Long Sleeved Linen Shirt - Sand / 1X,23.3
32841360539726,Shirts,LWBR0201,Sand,2X,Long Sleeved Linen Shirt - Sand / 2X,23.3
32841360572494,Shirts,LWBR0201,Sand,3X,Long Sleeved Linen Shirt - Sand / 3X,23.97
32841360441422,Shirts,LWBR0201,Sand,Large,Long Sleeved Linen Shirt - Sand / Large,22.4
32841360408654,Shirts,LWBR0201,Sand,Medium,Long Sleeved Linen Shirt - Sand / Medium,20.83
32841360375886,Shirts,LWBR0201,Sand,Small,Long Sleeved Linen Shirt - Sand / Small,20.16
32841360474190,Shirts,LWBR0201,Sand,XL,Long Sleeved Linen Shirt - Sand / XL,22.85
32841374990414,Shirts,LWBR0201,Dusk,1X,Long Sleeved Linen Shirt - Dusk / 1X,23.3
32841375023182,Shirts,LWBR0201,Dusk,2X,Long Sleeved Linen Shirt - Dusk / 2X,23.3
32841375055950,Shirts,LWBR0201,Dusk,3X,Long Sleeved Linen Shirt - Dusk / 3X,23.97
32841374924878,Shirts,LWBR0201,Dusk,Large,Long Sleeved Linen Shirt - Dusk / Large,22.4
32841374892110,Shirts,LWBR0201,Dusk,Medium,Long Sleeved Linen Shirt - Dusk / Medium,20.83
32841374859342,Shirts,LWBR0201,Dusk,Small,Long Sleeved Linen Shirt - Dusk / Small,20.16
32841374957646,Shirts,LWBR0201,Dusk,XL,Long Sleeved Linen Shirt - Dusk / XL,22.85
39926153117774,Shirts,LWBR0301,Moss,1X,Long Sleeved Shirt - Moss / 1X,25.12
39926153281614,Shirts,LWBR0301,Moss,2X,Long Sleeved Shirt - Moss / 2X,25.12
39926154428494,Shirts,LWBR0301,Moss,3X,Long Sleeved Shirt - Moss / 3X,25.84
39926153052238,Shirts,LWBR0301,Moss,Large,Long Sleeved Shirt - Moss / Large,24.15
39926152888398,Shirts,LWBR0301,Moss,Medium,Long Sleeved Shirt - Moss / Medium,22.46
39926152659022,Shirts,LWBR0301,Moss,Small,Long Sleeved Shirt - Moss / Small,21.74
39926153085006,Shirts,LWBR0301,Moss,XL,Long Sleeved Shirt - Moss / XL,24.63
39926151708750,Shirts,LWBR0301,Moss,XS,Long Sleeved Shirt - Moss / XS,21.25
39399872036942,Shirts,LWBR0301,Clay,1X,Long Sleeved Shirt - Clay / 1X,25.12
39399872069710,Shirts,LWBR0301,Clay,2X,Long Sleeved Shirt - Clay / 2X,25.12
39399872102478,Shirts,LWBR0301,Clay,3X,Long Sleeved Shirt - Clay / 3X,25.84
39399871971406,Shirts,LWBR0301,Clay,Large,Long Sleeved Shirt - Clay / Large,24.15
39399871938638,Shirts,LWBR0301,Clay,Medium,Long Sleeved Shirt - Clay / Medium,22.46
39399871905870,Shirts,LWBR0301,Clay,Small,Long Sleeved Shirt - Clay / Small,21.74
39399872004174,Shirts,LWBR0301,Clay,XL,Long Sleeved Shirt - Clay / XL,24.63
39399871873102,Shirts,LWBR0301,Clay,XS,Long Sleeved Shirt - Clay / XS,21.25
39399872299086,Shirts,LWBR0301,Navy,1X,Long Sleeved Shirt - Navy / 1X,25.12
39399872331854,Shirts,LWBR0301,Navy,2X,Long Sleeved Shirt - Navy / 2X,25.12
39399872364622,Shirts,LWBR0301,Navy,3X,Long Sleeved Shirt - Navy / 3X,25.84
39399872233550,Shirts,LWBR0301,Navy,Large,Long Sleeved Shirt - Navy / Large,24.15
39399872200782,Shirts,LWBR0301,Navy,Medium,Long Sleeved Shirt - Navy / Medium,22.46
39399872168014,Shirts,LWBR0301,Navy,Small,Long Sleeved Shirt - Navy / Small,21.74
39399872266318,Shirts,LWBR0301,Navy,XL,Long Sleeved Shirt - Navy / XL,24.63
39399872135246,Shirts,LWBR0301,Navy,XS,Long Sleeved Shirt - Navy / XS,21.25
40230420938830,Shirts,LWBR0301,Petal,1X,Long Sleeved Shirt - Petal / 1X,25.12
40230420971598,Shirts,LWBR0301,Petal,2X,Long Sleeved Shirt - Petal / 2X,25.12
40230421004366,Shirts,LWBR0301,Petal,3X,Long Sleeved Shirt - Petal / 3X,25.84
40230420873294,Shirts,LWBR0301,Petal,Large,Long Sleeved Shirt - Petal / Large,24.15
40230420840526,Shirts,LWBR0301,Petal,Medium,Long Sleeved Shirt - Petal / Medium,22.46
40230420807758,Shirts,LWBR0301,Petal,Small,Long Sleeved Shirt - Petal / Small,21.74
40230420906062,Shirts,LWBR0301,Petal,XL,Long Sleeved Shirt - Petal / XL,24.63
40230420774990,Shirts,LWBR0301,Petal,XS,Long Sleeved Shirt - Petal / XS,21.25
40399675359310,Shirts,LWBR0301,Ruby,1X,Long Sleeved Shirt - Ruby / 1X,25.12
40399675392078,Shirts,LWBR0301,Ruby,2X,Long Sleeved Shirt - Ruby / 2X,25.12
40399675457614,Shirts,LWBR0301,Ruby,3X,Long Sleeved Shirt - Ruby / 3X,25.84
40399675293774,Shirts,LWBR0301,Ruby,Large,Long Sleeved Shirt - Ruby / Large,24.15
40399675261006,Shirts,LWBR0301,Ruby,Medium,Long Sleeved Shirt - Ruby / Medium,22.46
40399675228238,Shirts,LWBR0301,Ruby,Small,Long Sleeved Shirt - Ruby / Small,21.74
40399675326542,Shirts,LWBR0301,Ruby,XL,Long Sleeved Shirt - Ruby / XL,24.63
40399675195470,Shirts,LWBR0301,Ruby,XS,Long Sleeved Shirt - Ruby / XS,21.25
39399871512654,Shirts,LWBR0301,Ember,1X,Long Sleeved Shirt - Ember / 1X,25.12
39399871545422,Shirts,LWBR0301,Ember,2X,Long Sleeved Shirt - Ember / 2X,25.12
39399871578190,Shirts,LWBR0301,Ember,3X,Long Sleeved Shirt - Ember / 3X,25.84
39399871447118,Shirts,LWBR0301,Ember,Large,Long Sleeved Shirt - Ember / Large,24.15
39399871414350,Shirts,LWBR0301,Ember,Medium,Long Sleeved Shirt - Ember / Medium,22.46
39399871381582,Shirts,LWBR0301,Ember,Small,Long Sleeved Shirt - Ember / Small,21.74
39399871479886,Shirts,LWBR0301,Ember,XL,Long Sleeved Shirt - Ember / XL,24.63
39399871348814,Shirts,LWBR0301,Ember,XS,Long Sleeved Shirt - Ember / XS,21.25
39399871774798,Shirts,LWBR0301,Sand,1X,Long Sleeved Shirt - Sand / 1X,25.12
39399871807566,Shirts,LWBR0301,Sand,2X,Long Sleeved Shirt - Sand / 2X,25.12
39399871840334,Shirts,LWBR0301,Sand,3X,Long Sleeved Shirt - Sand / 3X,25.84
39399871709262,Shirts,LWBR0301,Sand,Large,Long Sleeved Shirt - Sand / Large,24.15
39399871676494,Shirts,LWBR0301,Sand,Medium,Long Sleeved Shirt - Sand / Medium,22.46
39399871643726,Shirts,LWBR0301,Sand,Small,Long Sleeved Shirt - Sand / Small,21.74
39399871742030,Shirts,LWBR0301,Sand,XL,Long Sleeved Shirt - Sand / XL,24.63
39399871610958,Shirts,LWBR0301,Sand,XS,Long Sleeved Shirt - Sand / XS,21.25
40106359193678,Shirts,LWBR0301,Dusk,1X,Long Sleeved Shirt - Dusk / 1X,25.12
40106359423054,Shirts,LWBR0301,Dusk,2X,Long Sleeved Shirt - Dusk / 2X,25.12
40106361716814,Shirts,LWBR0301,Dusk,3X,Long Sleeved Shirt - Dusk / 3X,25.84
40106359029838,Shirts,LWBR0301,Dusk,Large,Long Sleeved Shirt - Dusk / Large,24.15
40106358997070,Shirts,LWBR0301,Dusk,Medium,Long Sleeved Shirt - Dusk / Medium,22.46
40106358898766,Shirts,LWBR0301,Dusk,Small,Long Sleeved Shirt - Dusk / Small,21.74
40106359128142,Shirts,LWBR0301,Dusk,XL,Long Sleeved Shirt - Dusk / XL,24.63
40106358308942,Shirts,LWBR0301,Dusk,XS,Long Sleeved Shirt - Dusk / XS,21.25
40266536943694,Tops,ETLS00014,Ember,1X,Long Sleeved Top - Ember / 1X,51.48
40266536878158,Tops,ETLS00014,Ember,Large,Long Sleeved Top - Ember / Large,49.5
40266536845390,Tops,ETLS00014,Ember,Medium,Long Sleeved Top - Ember / Medium,46.04
40266536910926,Tops,ETLS00014,Ember,XL,Long Sleeved Top - Ember / XL,50.49
40409332482126,Sportswear,SPST00009,Sand,1X,Long Sleeved Top - Sand / 1X,30.58
40266537205838,Tops,ETLS00014,Sand,1X,Long Sleeved Top - Sand / 1X,51.48
40409332514894,Sportswear,SPST00009,Sand,2X,Long Sleeved Top - Sand / 2X,30.58
40409332547662,Sportswear,SPST00009,Sand,3X,Long Sleeved Top - Sand / 3X,31.46
40409332416590,Sportswear,SPST00009,Sand,Large,Long Sleeved Top - Sand / Large,29.4
40266537140302,Tops,ETLS00014,Sand,Large,Long Sleeved Top - Sand / Large,49.5
40409332383822,Sportswear,SPST00009,Sand,Medium,Long Sleeved Top - Sand / Medium,27.34
40266537107534,Tops,ETLS00014,Sand,Medium,Long Sleeved Top - Sand / Medium,46.04
40409332351054,Sportswear,SPST00009,Sand,Small,Long Sleeved Top - Sand / Small,26.46
40266537074766,Tops,ETLS00014,Sand,Small,Long Sleeved Top - Sand / Small,44.55
40409332449358,Sportswear,SPST00009,Sand,XL,Long Sleeved Top - Sand / XL,29.99
40266537173070,Tops,ETLS00014,Sand,XL,Long Sleeved Top - Sand / XL,50.49
40409332318286,Sportswear,SPST00009,Sand,XS,Long Sleeved Top - Sand / XS,25.87
40409332711502,Sportswear,SPST00009,Toffee,XL,Long Sleeved Top - Toffee / XL,29.99
40266537467982,Tops,ETLS00014,Dusk,1X,Long Sleeved Top - Dusk / 1X,51.48
40409332252750,Sportswear,SPST00009,Dusk,2X,Long Sleeved Top - Dusk / 2X,30.58
40409332154446,Sportswear,SPST00009,Dusk,Large,Long Sleeved Top - Dusk / Large,29.4
40266537402446,Tops,ETLS00014,Dusk,Large,Long Sleeved Top - Dusk / Large,49.5
40409332121678,Sportswear,SPST00009,Dusk,Medium,Long Sleeved Top - Dusk / Medium,27.34
40266537369678,Tops,ETLS00014,Dusk,Medium,Long Sleeved Top - Dusk / Medium,46.04
40266537435214,Tops,ETLS00014,Dusk,XL,Long Sleeved Top - Dusk / XL,50.49
29426795446350,Sportswear,HLQB02,Moss,1X,Loose Gym Top - Moss / 1X,30.58
28619227955278,Sportswear,HLQB02,Moss,2X,Loose Gym Top - Moss / 2X,30.58
28619227988046,Sportswear,HLQB02,Moss,3X,Loose Gym Top - Moss / 3X,31.46
28619227889742,Sportswear,HLQB02,Moss,Large,Loose Gym Top - Moss / Large,29.4
28619227856974,Sportswear,HLQB02,Moss,Medium,Loose Gym Top - Moss / Medium,27.34
28619227824206,Sportswear,HLQB02,Moss,Small,Loose Gym Top - Moss / Small,26.46
28619227922510,Sportswear,HLQB02,Moss,XL,Loose Gym Top - Moss / XL,29.99
31677186015310,Sportswear,HLQB02,Moss,XS,Loose Gym Top - Moss / XS,25.87
40416200851534,Sportswear,HLQB02,Midnight,1X,Loose Gym Top - Midnight / 1X,30.58
40416200917070,Sportswear,HLQB02,Midnight,3X,Loose Gym Top - Midnight / 3X,31.46
40416200785998,Sportswear,HLQB02,Midnight,Large,Loose Gym Top - Midnight / Large,29.4
40416200753230,Sportswear,HLQB02,Midnight,Medium,Loose Gym Top - Midnight / Medium,27.34
40416200818766,Sportswear,HLQB02,Midnight,XL,Loose Gym Top - Midnight / XL,29.99
32826539933774,Sportswear,HLQB02,Sand,1X,Loose Gym Top - Sand / 1X,30.58
32826539966542,Sportswear,HLQB02,Sand,2X,Loose Gym Top - Sand / 2X,30.58
32826539999310,Sportswear,HLQB02,Sand,3X,Loose Gym Top - Sand / 3X,31.46
32826539835470,Sportswear,HLQB02,Sand,Large,Loose Gym Top - Sand / Large,29.4
32826539769934,Sportswear,HLQB02,Sand,Medium,Loose Gym Top - Sand / Medium,27.34
32826539671630,Sportswear,HLQB02,Sand,Small,Loose Gym Top - Sand / Small,26.46
32826539868238,Sportswear,HLQB02,Sand,XL,Loose Gym Top - Sand / XL,29.99
32826539638862,Sportswear,HLQB02,Sand,XS,Loose Gym Top - Sand / XS,25.87
29426800754766,Sportswear,HLQB02,Dusk,1X,Loose Gym Top - Dusk / 1X,30.58
28619228151886,Sportswear,HLQB02,Dusk,2X,Loose Gym Top - Dusk / 2X,30.58
28619228184654,Sportswear,HLQB02,Dusk,3X,Loose Gym Top - Dusk / 3X,31.46
28619228086350,Sportswear,HLQB02,Dusk,Large,Loose Gym Top - Dusk / Large,29.4
28619228053582,Sportswear,HLQB02,Dusk,Medium,Loose Gym Top - Dusk / Medium,27.34
28619228020814,Sportswear,HLQB02,Dusk,Small,Loose Gym Top - Dusk / Small,26.46
28619228119118,Sportswear,HLQB02,Dusk,XL,Loose Gym Top - Dusk / XL,29.99
31677188407374,Sportswear,HLQB02,Dusk,XS,Loose Gym Top - Dusk / XS,25.87
40418084290638,Sportswear,ETRN00010,Midnight,2X,Mid Thigh Short - Midnight / 2X,46.96
40418084323406,Sportswear,ETRN00010,Midnight,3X,Mid Thigh Short - Midnight / 3X,48.31
39940333568078,Sportswear,ETRN00010,Ember,1X,Mid Thigh Short - Ember / 1X,46.96
39940333502542,Sportswear,ETRN00010,Ember,Large,Mid Thigh Short - Ember / Large,45.15
39940333469774,Sportswear,ETRN00010,Ember,Medium,Mid Thigh Short - Ember / Medium,41.99
39940333437006,Sportswear,ETRN00010,Ember,Small,Mid Thigh Short - Ember / Small,40.64
39940333535310,Sportswear,ETRN00010,Ember,XL,Mid Thigh Short - Ember / XL,46.05
39940333830222,Sportswear,ETRN00010,Sand,1X,Mid Thigh Short - Sand / 1X,46.96
39940333862990,Sportswear,ETRN00010,Sand,2X,Mid Thigh Short - Sand / 2X,46.96
39940333895758,Sportswear,ETRN00010,Sand,3X,Mid Thigh Short - Sand / 3X,48.31
39940333764686,Sportswear,ETRN00010,Sand,Large,Mid Thigh Short - Sand / Large,45.15
39940333731918,Sportswear,ETRN00010,Sand,Medium,Mid Thigh Short - Sand / Medium,41.99
39940333699150,Sportswear,ETRN00010,Sand,Small,Mid Thigh Short - Sand / Small,40.64
39940333797454,Sportswear,ETRN00010,Sand,XL,Mid Thigh Short - Sand / XL,46.05
40264616443982,Sportswear,ETRN00010,Toffee,XL,Mid Thigh Short - Toffee / XL,46.05
39940334092366,Sportswear,ETRN00010,Dusk,1X,Mid Thigh Short - Dusk / 1X,46.96
39940334125134,Sportswear,ETRN00010,Dusk,2X,Mid Thigh Short - Dusk / 2X,46.96
39940334026830,Sportswear,ETRN00010,Dusk,Large,Mid Thigh Short - Dusk / Large,45.15
39940333994062,Sportswear,ETRN00010,Dusk,Medium,Mid Thigh Short - Dusk / Medium,41.99
39940333961294,Sportswear,ETRN00010,Dusk,Small,Mid Thigh Short - Dusk / Small,40.64
39940334059598,Sportswear,ETRN00010,Dusk,XL,Mid Thigh Short - Dusk / XL,46.05
39530801168462,Sportswear,HLSPB03,Moss,1X,Cosy Hoodie - Moss / 1X,30.58
39530801201230,Sportswear,HLSPB03,Moss,2X,Cosy Hoodie - Moss / 2X,30.58
39530801233998,Sportswear,HLSPB03,Moss,3X,Cosy Hoodie - Moss / 3X,31.46
39530801070158,Sportswear,HLSPB03,Moss,Large,Cosy Hoodie - Moss / Large,29.4
39530800742478,Sportswear,HLSPB03,Moss,Medium,Cosy Hoodie - Moss / Medium,27.34
39530800709710,Sportswear,HLSPB03,Moss,Small,Cosy Hoodie - Moss / Small,26.46
39530801102926,Sportswear,HLSPB03,Moss,XL,Cosy Hoodie - Moss / XL,29.99
29933881327694,Sportswear,HLSPB01,Mocha,Large,Cosy Hoodie - Mocha / Large,29.4
40128449118286,Sportswear,HLSPB03,Hazel,1X,Cosy Hoodie - Hazel / 1X,30.58
40128449151054,Sportswear,HLSPB03,Hazel,2X,Cosy Hoodie - Hazel / 2X,30.58
40128449183822,Sportswear,HLSPB03,Hazel,3X,Cosy Hoodie - Hazel / 3X,31.46
40128449052750,Sportswear,HLSPB03,Hazel,Large,Cosy Hoodie - Hazel / Large,29.4
40128449019982,Sportswear,HLSPB03,Hazel,Medium,Cosy Hoodie - Hazel / Medium,27.34
40128448987214,Sportswear,HLSPB03,Hazel,Small,Cosy Hoodie - Hazel / Small,26.46
40128449085518,Sportswear,HLSPB03,Hazel,XL,Cosy Hoodie - Hazel / XL,29.99
40128448954446,Sportswear,HLSPB03,Hazel,XS,Cosy Hoodie - Hazel / XS,25.87
29426757009486,Sportswear,HLSPB03,Ember,1X,Cosy Hoodie - Ember / 1X,30.58
28538965229646,Sportswear,HLSPB03,Ember,2X,Cosy Hoodie - Ember / 2X,30.58
28538965262414,Sportswear,HLSPB03,Ember,3X,Cosy Hoodie - Ember / 3X,31.46
28538965164110,Sportswear,HLSPB03,Ember,Large,Cosy Hoodie - Ember / Large,29.4
28538965131342,Sportswear,HLSPB03,Ember,Medium,Cosy Hoodie - Ember / Medium,27.34
28538965098574,Sportswear,HLSPB03,Ember,Small,Cosy Hoodie - Ember / Small,26.46
28538965196878,Sportswear,HLSPB03,Ember,XL,Cosy Hoodie - Ember / XL,29.99
31677178118222,Sportswear,HLSPB03,Ember,XS,Cosy Hoodie - Ember / XS,25.87
29426760384590,Sportswear,HLSPB03,Sand,1X,Cosy Hoodie - Sand / 1X,30.58
28538965426254,Sportswear,HLSPB03,Sand,2X,Cosy Hoodie - Sand / 2X,30.58
28538965459022,Sportswear,HLSPB03,Sand,3X,Cosy Hoodie - Sand / 3X,31.46
28538965360718,Sportswear,HLSPB03,Sand,Large,Cosy Hoodie - Sand / Large,29.4
28538965327950,Sportswear,HLSPB03,Sand,Medium,Cosy Hoodie - Sand / Medium,27.34
28538965295182,Sportswear,HLSPB03,Sand,Small,Cosy Hoodie - Sand / Small,26.46
28538965393486,Sportswear,HLSPB03,Sand,XL,Cosy Hoodie - Sand / XL,29.99
31677179428942,Sportswear,HLSPB03,Sand,XS,Cosy Hoodie - Sand / XS,25.87
31563609964622,Sportswear,HLSPB03,Dusk,1X,Cosy Hoodie - Dusk / 1X,30.58
31563613044814,Sportswear,HLSPB03,Dusk,2X,Cosy Hoodie - Dusk / 2X,30.58
31563616682062,Sportswear,HLSPB03,Dusk,3X,Cosy Hoodie - Dusk / 3X,31.46
31563605606478,Sportswear,HLSPB03,Dusk,Large,Cosy Hoodie - Dusk / Large,29.4
31563600199758,Sportswear,HLSPB03,Dusk,Medium,Cosy Hoodie - Dusk / Medium,27.34
31563597480014,Sportswear,HLSPB03,Dusk,Small,Cosy Hoodie - Dusk / Small,26.46
31563607867470,Sportswear,HLSPB03,Dusk,XL,Cosy Hoodie - Dusk / XL,29.99
31677183131726,Sportswear,HLSPB03,Dusk,XS,Cosy Hoodie - Dusk / XS,25.87
40070730547278,Shirts,LWBR0101,Moss,1X,Oversized Shirt - Moss / 1X,23.3
40070730580046,Shirts,LWBR0101,Moss,2X,Oversized Shirt - Moss / 2X,23.3
40070730612814,Shirts,LWBR0101,Moss,3X,Oversized Shirt - Moss / 3X,23.97
40070730481742,Shirts,LWBR0101,Moss,Large,Oversized Shirt - Moss / Large,22.4
40070730448974,Shirts,LWBR0101,Moss,Medium,Oversized Shirt - Moss / Medium,20.83
40070730416206,Shirts,LWBR0101,Moss,Small,Oversized Shirt - Moss / Small,20.16
40070730514510,Shirts,LWBR0101,Moss,XL,Oversized Shirt - Moss / XL,22.85
40070730383438,Shirts,LWBR0101,Moss,XS,Oversized Shirt - Moss / XS,19.71
40228351279182,Shirts,LWBR0101,Cinnamon,3X,Oversized Shirt - Cinnamon / 3X,23.97
32893688021070,Shirts,LWBR0101,Clay,1X,Oversized Shirt - Clay / 1X,23.3
32893688119374,Shirts,LWBR0101,Clay,2X,Oversized Shirt - Clay / 2X,23.3
32893688152142,Shirts,LWBR0101,Clay,3X,Oversized Shirt - Clay / 3X,23.97
32893687824462,Shirts,LWBR0101,Clay,Large,Oversized Shirt - Clay / Large,22.4
32893687529550,Shirts,LWBR0101,Clay,Medium,Oversized Shirt - Clay / Medium,20.83
32893687234638,Shirts,LWBR0101,Clay,Small,Oversized Shirt - Clay / Small,20.16
32893687922766,Shirts,LWBR0101,Clay,XL,Oversized Shirt - Clay / XL,22.85
32893682024526,Shirts,LWBR0101,Clay,XS,Oversized Shirt - Clay / XS,19.71
32893674553422,Shirts,LWBR0101,Opal,1X,Oversized Shirt - Opal / 1X,23.3
32893676748878,Shirts,LWBR0101,Opal,2X,Oversized Shirt - Opal / 2X,23.3
32893678649422,Shirts,LWBR0101,Opal,3X,Oversized Shirt - Opal / 3X,23.97
32893671473230,Shirts,LWBR0101,Opal,Large,Oversized Shirt - Opal / Large,22.4
32893670522958,Shirts,LWBR0101,Opal,Medium,Oversized Shirt - Opal / Medium,20.83
32893669179470,Shirts,LWBR0101,Opal,Small,Oversized Shirt - Opal / Small,20.16
32893673209934,Shirts,LWBR0101,Opal,XL,Oversized Shirt - Opal / XL,22.85
39509196079182,Shirts,LWBR0101,Hazel,1X,Oversized Shirt - Hazel / 1X,23.3
39509196210254,Shirts,LWBR0101,Hazel,2X,Oversized Shirt - Hazel / 2X,23.3
39509196243022,Shirts,LWBR0101,Hazel,3X,Oversized Shirt - Hazel / 3X,23.97
39509196013646,Shirts,LWBR0101,Hazel,Large,Oversized Shirt - Hazel / Large,22.4
39509195948110,Shirts,LWBR0101,Hazel,Medium,Oversized Shirt - Hazel / Medium,20.83
39509195751502,Shirts,LWBR0101,Hazel,Small,Oversized Shirt - Hazel / Small,20.16
39509196046414,Shirts,LWBR0101,Hazel,XL,Oversized Shirt - Hazel / XL,22.85
32576267354190,Shirts,LWBR0101,Sand,1X,Oversized Shirt - Sand / 1X,23.3
32576267386958,Shirts,LWBR0101,Sand,2X,Oversized Shirt - Sand / 2X,23.3
32576267419726,Shirts,LWBR0101,Sand,3X,Oversized Shirt - Sand / 3X,23.97
32576267288654,Shirts,LWBR0101,Sand,Large,Oversized Shirt - Sand / Large,22.4
32576267255886,Shirts,LWBR0101,Sand,Medium,Oversized Shirt - Sand / Medium,20.83
32576267223118,Shirts,LWBR0101,Sand,Small,Oversized Shirt - Sand / Small,20.16
32576267321422,Shirts,LWBR0101,Sand,XL,Oversized Shirt - Sand / XL,22.85
32576267190350,Shirts,LWBR0101,Sand,XS,Oversized Shirt - Sand / XS,19.71
40258584936526,Shirts,LWBR0101,Toffee,1X,Oversized Shirt - Toffee / 1X,23.3
40258585002062,Shirts,LWBR0101,Toffee,3X,Oversized Shirt - Toffee / 3X,23.97
40258584870990,Shirts,LWBR0101,Toffee,Large,Oversized Shirt - Toffee / Large,22.4
40258584838222,Shirts,LWBR0101,Toffee,Medium,Oversized Shirt - Toffee / Medium,20.83
40258584903758,Shirts,LWBR0101,Toffee,XL,Oversized Shirt - Toffee / XL,22.85
40258584772686,Shirts,LWBR0101,Toffee,XS,Oversized Shirt - Toffee / XS,19.71
32576267616334,Shirts,LWBR0101,Dusk,1X,Oversized Shirt - Dusk / 1X,23.3
32576267649102,Shirts,LWBR0101,Dusk,2X,Oversized Shirt - Dusk / 2X,23.3
32576267681870,Shirts,LWBR0101,Dusk,3X,Oversized Shirt - Dusk / 3X,23.97
32576267550798,Shirts,LWBR0101,Dusk,Large,Oversized Shirt - Dusk / Large,22.4
32576267518030,Shirts,LWBR0101,Dusk,Medium,Oversized Shirt - Dusk / Medium,20.83
32576267485262,Shirts,LWBR0101,Dusk,Small,Oversized Shirt - Dusk / Small,20.16
32576267583566,Shirts,LWBR0101,Dusk,XL,Oversized Shirt - Dusk / XL,22.85
32576267452494,Shirts,LWBR0101,Dusk,XS,Oversized Shirt - Dusk / XS,19.71
40239063334990,Bottoms,ETOS0101,Graphite,Medium,Oversized Shorts - Graphite / Medium,36.83
40239063302222,Bottoms,ETOS0101,Graphite,Small,Oversized Shorts - Graphite / Small,35.64
39434150707278,Bottoms,ETOS0101,Jet Black,1X,Oversized Shorts - Jet Black / 1X,41.18
39434150641742,Bottoms,ETOS0101,Jet Black,Large,Oversized Shorts - Jet Black / Large,39.6
39434150608974,Bottoms,ETOS0101,Jet Black,Medium,Oversized Shorts - Jet Black / Medium,36.83
39434150576206,Bottoms,ETOS0101,Jet Black,Small,Oversized Shorts - Jet Black / Small,35.64
39434150674510,Bottoms,ETOS0101,Jet Black,XL,Oversized Shorts - Jet Black / XL,40.39
40131552870478,Bottoms,ETOS0101,Midnight,3X,Oversized Shorts - Midnight / 3X,42.37
40131552706638,Bottoms,ETOS0101,Midnight,Medium,Oversized Shorts - Midnight / Medium,36.83
40131552772174,Bottoms,ETOS0101,Midnight,XL,Oversized Shorts - Midnight / XL,40.39
40218374701134,Bottoms,ETPP00004,Jet Black,Large,Perfectionist Pant - Jet Black / Large,59.6
40218374668366,Bottoms,ETPP00004,Jet Black,Medium,Perfectionist Pant - Jet Black / Medium,55.43
40218374635598,Bottoms,ETPP00004,Jet Black,Small,Perfectionist Pant - Jet Black / Small,53.64
40218374733902,Bottoms,ETPP00004,Jet Black,XL,Perfectionist Pant - Jet Black / XL,60.79
40287343673422,Sportswear,SPST00012,Sand,1X,Buttoned Shirt - Sand / 3X,32.4
40287343706190,Sportswear,SPST00012,Sand,2X,Buttoned Shirt - Sand / 2X,32.4
40287343738958,Sportswear,SPST00012,Sand,3X,Buttoned Shirt - Sand / 3X,33.33
40287343607886,Sportswear,SPST00012,Sand,Large,Buttoned Shirt - Sand / Large,31.15
40287343575118,Sportswear,SPST00012,Sand,Medium,Buttoned Shirt - Sand / Medium,28.97
40287343542350,Sportswear,SPST00012,Sand,Small,Buttoned Shirt - Sand / Small,28.04
40287343640654,Sportswear,SPST00012,Sand,XL,Buttoned Shirt - Sand / XL,31.77
40287343509582,Sportswear,SPST00012,Sand,XS,Buttoned Shirt - Sand / XS,27.41
40287343837262,Sportswear,SPST00012,Dusk,Medium,Buttoned Shirt - Dusk / Medium,28.97
40287343902798,Sportswear,SPST00012,Dusk,XL,Buttoned Shirt - Dusk / XL,31.77
40287343771726,Sportswear,SPST00012,Dusk,XS,Buttoned Shirt - Dusk / XS,27.41
39509055569998,Outerwear,LWCM0102,Moss,1X,Raincoat - Moss / 1X,38.44
39509056127054,Outerwear,LWCM0102,Moss,3X,Raincoat - Moss / 3X,39.55
39509054881870,Outerwear,LWCM0102,Moss,Large,Raincoat - Moss / Large,36.96
39509054652494,Outerwear,LWCM0102,Moss,Medium,Raincoat - Moss / Medium,34.37
39509055242318,Outerwear,LWCM0102,Moss,XL,Raincoat - Moss / XL,37.7
39509053702222,Outerwear,LWCM0101,Moss,XS,Raincoat - Moss / XS,32.52
39509084864590,Outerwear,LWCM0101,Cinnamon,Medium,Raincoat - Cinnamon / Medium,34.37
40241992859726,Outerwear,LWCM0102,Espresso,Large,Raincoat - Espresso / Large,36.96
40241992892494,Outerwear,LWCM0102,Espresso,XL,Raincoat - Espresso / XL,37.7
32835366322254,Outerwear,LWCM0102,Clay,1X,Raincoat - Clay / 1X,38.44
39727245819982,Outerwear,LWCM0102,Clay,4X,Raincoat - Clay / 4X,39.55
32835366223950,Outerwear,LWCM0102,Clay,Large,Raincoat - Clay / Large,36.96
32835365929038,Outerwear,LWCM0102,Clay,Medium,Raincoat - Clay / Medium,34.37
32835366256718,Outerwear,LWCM0102,Clay,XL,Raincoat - Clay / XL,37.7
40215506059342,Outerwear,LWCM0102,Graphite,3X,Raincoat - Graphite / 3X,39.55
40226609266766,Outerwear,LWCM0102,Navy,2X,Raincoat - Navy / 2X,38.44
40226609299534,Outerwear,LWCM0102,Navy,3X,Raincoat - Navy / 3X,39.55
40226609168462,Outerwear,LWCM0102,Navy,Large,Raincoat - Navy / Large,36.96
40226609135694,Outerwear,LWCM0102,Navy,Medium,Raincoat - Navy / Medium,34.37
40226609102926,Outerwear,LWCM0102,Navy,Small,Raincoat - Navy / Small,33.26
40226609201230,Outerwear,LWCM0102,Navy,XL,Raincoat - Navy / XL,37.7
32835402137678,Outerwear,LWCM0102,Hazel,1X,Raincoat - Hazel / 1X,38.44
32835402170446,Outerwear,LWCM0101,Hazel,2X,Raincoat - Hazel / 2X,38.44
32835402072142,Outerwear,LWCM0102,Hazel,Large,Raincoat - Hazel / Large,36.96
32835402006606,Outerwear,LWCM0102,Hazel,Medium,Raincoat - Hazel / Medium,34.37
32835401973838,Outerwear,LWCM0102,Hazel,Small,Raincoat - Hazel / Small,33.26
32835402104910,Outerwear,LWCM0102,Hazel,XL,Raincoat - Hazel / XL,37.7
32715197841486,Outerwear,LWCM0102,Ember,1X,Raincoat - Ember / 1X,38.44
32715197874254,Outerwear,LWCM0102,Ember,2X,Raincoat - Ember / 2X,38.44
39727240151118,Outerwear,LWCM0101,Ember,4X,Raincoat - Ember / 4X,39.55
32715197775950,Outerwear,LWCM0102,Ember,Large,Raincoat - Ember / Large,36.96
32715197743182,Outerwear,LWCM0102,Ember,Medium,Raincoat - Ember / Medium,34.37
32715197710414,Outerwear,LWCM0102,Ember,Small,Raincoat - Ember / Small,33.26
32715197808718,Outerwear,LWCM0102,Ember,XL,Raincoat - Ember / XL,37.7
39301449252942,Outerwear,LWCM0102,Ember,XS,Raincoat - Ember / XS,32.52
32715198103630,Outerwear,LWCM0102,Sand,1X,Raincoat - Sand / 1X,38.44
32715198136398,Outerwear,LWCM0102,Sand,2X,Raincoat - Sand / 2X,38.44
32715198169166,Outerwear,LWCM0102,Sand,3X,Raincoat - Sand / 3X,39.55
32715198038094,Outerwear,LWCM0102,Sand,Large,Raincoat - Sand / Large,36.96
32715198005326,Outerwear,LWCM0102,Sand,Medium,Raincoat - Sand / Medium,34.37
32715197972558,Outerwear,LWCM0102,Sand,Small,Raincoat - Sand / Small,33.26
32715198070862,Outerwear,LWCM0102,Sand,XL,Raincoat - Sand / XL,37.7
39301457379406,Outerwear,LWCM0102,Sand,XS,Raincoat - Sand / XS,32.52
32835371532366,Outerwear,LWCM0102,Stone,1X,Raincoat - Stone / 1X,38.44
32835371368526,Outerwear,LWCM0101,Stone,Medium,Raincoat - Stone / Medium,34.37
32835371466830,Outerwear,LWCM0101,Stone,XL,Raincoat - Stone / XL,37.7
32715198365774,Outerwear,LWCM0102,Dusk,1X,Raincoat - Dusk / 1X,38.44
32715198398542,Outerwear,LWCM0102,Dusk,2X,Raincoat - Dusk / 2X,38.44
32715198431310,Outerwear,LWCM0102,Dusk,3X,Raincoat - Dusk / 3X,39.55
32715198300238,Outerwear,LWCM0102,Dusk,Large,Raincoat - Dusk / Large,36.96
32715198267470,Outerwear,LWCM0102,Dusk,Medium,Raincoat - Dusk / Medium,34.37
32715198234702,Outerwear,LWCM0102,Dusk,Small,Raincoat - Dusk / Small,33.26
32715198333006,Outerwear,LWCM0102,Dusk,XL,Raincoat - Dusk / XL,37.7
39301462786126,Outerwear,LWCM0102,Dusk,XS,Raincoat - Dusk / XS,32.52
40245470527566,Tops,ETRN00013,Ember,1X,Round-Neck Top - Ember / 1X,67.08
40245470560334,Tops,ETRN00013,Ember,2X,Round-Neck Top - Ember / 2X,67.08
40245470462030,Tops,ETRN00013,Ember,Large,Round-Neck Top - Ember / Large,64.5
40245470429262,Tops,ETRN00013,Ember,Medium,Round-Neck Top - Ember / Medium,59.99
40245470396494,Tops,ETRN00013,Ember,Small,Round-Neck Top - Ember / Small,58.05
40245470494798,Tops,ETRN00013,Ember,XL,Round-Neck Top - Ember / XL,65.79
40245470789710,Tops,ETRN00013,Sand,1X,Round-Neck Top - Sand / 1X,67.08
40245470822478,Tops,ETRN00013,Sand,2X,Round-Neck Top - Sand / 2X,67.08
40245470855246,Tops,ETRN00013,Sand,3X,Round-Neck Top - Sand / 3X,69.02
40245470724174,Tops,ETRN00013,Sand,Large,Round-Neck Top - Sand / Large,64.5
40245470691406,Tops,ETRN00013,Sand,Medium,Round-Neck Top - Sand / Medium,59.99
40245470658638,Tops,ETRN00013,Sand,Small,Round-Neck Top - Sand / Small,58.05
40245470756942,Tops,ETRN00013,Sand,XL,Round-Neck Top - Sand / XL,65.79
40245470625870,Tops,ETRN00013,Sand,XS,Round-Neck Top - Sand / XS,56.76
39991315136590,Sportswear,SPST00007,Ember,1X,Runner Short - Ember / 1X,30.58
39991315071054,Sportswear,SPST00007,Ember,Large,Runner Short - Ember / Large,29.4
39991315038286,Sportswear,SPST00007,Ember,Medium,Runner Short - Ember / Medium,27.34
39991315103822,Sportswear,SPST00007,Ember,XL,Runner Short - Ember / XL,29.99
39991314972750,Sportswear,SPST00007,Ember,XS,Runner Short - Ember / XS,25.87
39991315398734,Sportswear,SPST00007,Sand,1X,Runner Short - Sand / 1X,30.58
39991315431502,Sportswear,SPST00007,Sand,2X,Runner Short - Sand / 2X,30.58
39991315464270,Sportswear,SPST00007,Sand,3X,Runner Short - Sand / 3X,31.46
39991315333198,Sportswear,SPST00007,Sand,Large,Runner Short - Sand / Large,29.4
39991315300430,Sportswear,SPST00007,Sand,Medium,Runner Short - Sand / Medium,27.34
39991315267662,Sportswear,SPST00007,Sand,Small,Runner Short - Sand / Small,26.46
39991315365966,Sportswear,SPST00007,Sand,XL,Runner Short - Sand / XL,29.99
39991315234894,Sportswear,SPST00007,Sand,XS,Runner Short - Sand / XS,25.87
39991315660878,Sportswear,SPST00007,Dusk,1X,Runner Short - Dusk / 1X,30.58
39991315693646,Sportswear,SPST00007,Dusk,2X,Runner Short - Dusk / 2X,30.58
39991315562574,Sportswear,SPST00007,Dusk,Medium,Runner Short - Dusk / Medium,27.34
39991315529806,Sportswear,SPST00007,Dusk,Small,Runner Short - Dusk / Small,26.46
40290377400398,Sportswear,SPST00011,Sand,1X,Running Leggings - Sand / 1X,32.4
40290377465934,Sportswear,SPST00011,Sand,3X,Running Leggings - Sand / 3X,33.33
40290377334862,Sportswear,SPST00011,Sand,Large,Running Leggings - Sand / Large,31.15
40290377302094,Sportswear,SPST00011,Sand,Medium,Running Leggings - Sand / Medium,28.97
40290377269326,Sportswear,SPST00011,Sand,Small,Running Leggings - Sand / Small,28.04
40290377367630,Sportswear,SPST00011,Sand,XL,Running Leggings - Sand / XL,31.77
40290377662542,Sportswear,SPST00011,Dusk,1X,Running Leggings - Dusk / 1X,32.4
39827786039374,Sportswear,SPWC00003,Sand,1X,Running Shorts - Sand / 1X,50.6
39827785973838,Sportswear,SPWC00003,Sand,Large,Running Shorts - Sand / Large,48.65
39827785941070,Sportswear,SPWC00003,Sand,Medium,Running Shorts - Sand / Medium,45.24
39827785908302,Sportswear,SPWC00003,Sand,Small,Running Shorts - Sand / Small,43.79
39827786006606,Sportswear,SPWC00003,Sand,XL,Running Shorts - Sand / XL,49.62
39452043313230,Sportswear,SPWC00003,Dusk,1X,Running Shorts - Dusk / 1X,50.6
39452043345998,Sportswear,SPWC00003,Dusk,2X,Running Shorts - Dusk / 2X,50.6
39452043247694,Sportswear,SPWC00003,Dusk,Large,Running Shorts - Dusk / Large,48.65
39452043182158,Sportswear,SPWC00003,Dusk,Medium,Running Shorts - Dusk / Medium,45.24
39452043149390,Sportswear,SPWC00003,Dusk,Small,Running Shorts - Dusk / Small,43.79
39452043280462,Sportswear,SPWC00003,Dusk,XL,Running Shorts - Dusk / XL,49.62
39827785809998,Sportswear,SPWC00003,Dusk,XS,Running Shorts - Dusk / XS,42.81
40245471445070,Shirts,BRBR00017,Moss,1X,Short Sleeved Linen Shirt - Moss / 1X,25.12
40245471477838,Shirts,BRBR00017,Moss,2X,Short Sleeved Linen Shirt - Moss / 2X,25.12
40245471510606,Shirts,BRBR00017,Moss,3X,Short Sleeved Linen Shirt - Moss / 3X,25.84
40245471379534,Shirts,BRBR00017,Moss,Large,Short Sleeved Linen Shirt - Moss / Large,24.15
40245471346766,Shirts,BRBR00017,Moss,Medium,Short Sleeved Linen Shirt - Moss / Medium,22.46
40245471313998,Shirts,BRBR00017,Moss,Small,Short Sleeved Linen Shirt - Moss / Small,21.74
40245471412302,Shirts,BRBR00017,Moss,XL,Short Sleeved Linen Shirt - Moss / XL,24.63
40245471182926,Shirts,BRBR00017,Ember,1X,Short Sleeved Linen Shirt - Ember / 1X,25.12
40245471215694,Shirts,BRBR00017,Ember,2X,Short Sleeved Linen Shirt - Ember / 2X,25.12
40245471248462,Shirts,BRBR00017,Ember,3X,Short Sleeved Linen Shirt - Ember / 3X,25.84
40245471117390,Shirts,BRBR00017,Ember,Large,Short Sleeved Linen Shirt - Ember / Large,24.15
40245471084622,Shirts,BRBR00017,Ember,Medium,Short Sleeved Linen Shirt - Ember / Medium,22.46
40245471051854,Shirts,BRBR00017,Ember,Small,Short Sleeved Linen Shirt - Ember / Small,21.74
40245471150158,Shirts,BRBR00017,Ember,XL,Short Sleeved Linen Shirt - Ember / XL,24.63
40230434078798,Loungewear,ESLP00004,Moss,1X,GoodNight Onesie - Moss / 1X,10.95
40230433947726,Loungewear,ESLP00004,Moss,Small,GoodNight Onesie - Moss / Small,9.48
40230434242638,Loungewear,ESLP00004,Clay,Medium,GoodNight Onesie - Clay / Medium,9.79
40230434209870,Loungewear,ESLP00004,Clay,Small,GoodNight Onesie - Clay / Small,9.48
40230434308174,Loungewear,ESLP00004,Clay,XL,GoodNight Onesie - Clay / XL,10.74
40051635486798,Loungewear,ESLP00004,Hazel,1X,GoodNight Onesie - Hazel / 1X,10.95
40051635421262,Loungewear,ESLP00004,Hazel,Large,GoodNight Onesie - Hazel / Large,10.53
40051635355726,Loungewear,ESLP00004,Hazel,Small,GoodNight Onesie - Hazel / Small,9.48
40051635224654,Loungewear,ESLP00004,Sand,1X,GoodNight Onesie - Sand / 1X,10.95
40051635290190,Loungewear,ESLP00004,Sand,3X,GoodNight Onesie - Sand / 3X,11.27
40051635159118,Loungewear,ESLP00004,Sand,Large,GoodNight Onesie - Sand / Large,10.53
40051635126350,Loungewear,ESLP00004,Sand,Medium,GoodNight Onesie - Sand / Medium,9.79
40051635093582,Loungewear,ESLP00004,Sand,Small,GoodNight Onesie - Sand / Small,9.48
40051635060814,Loungewear,ESLP00004,Sand,XS,GoodNight Onesie - Sand / XS,9.27
40051634962510,Loungewear,ESLP00004,Dusk,1X,GoodNight Onesie - Dusk / 1X,10.95
40051634995278,Loungewear,ESLP00004,Dusk,2X,GoodNight Onesie - Dusk / 2X,10.95
40051635028046,Loungewear,ESLP00004,Dusk,3X,GoodNight Onesie - Dusk / 3X,11.27
40051634896974,Loungewear,ESLP00004,Dusk,Large,GoodNight Onesie - Dusk / Large,10.53
40051634864206,Loungewear,ESLP00004,Dusk,Medium,GoodNight Onesie - Dusk / Medium,9.79
40051634831438,Loungewear,ESLP00004,Dusk,Small,GoodNight Onesie - Dusk / Small,9.48
40051634929742,Loungewear,ESLP00004,Dusk,XL,GoodNight Onesie - Dusk / XL,10.74
40114229870670,Loungewear,ESLP00002,Moss,1X,GoodNight Pyjama Bottom - Moss / 1X,10.95
40114229805134,Loungewear,ESLP00002,Moss,Large,GoodNight Pyjama Bottom - Moss / Large,10.53
40114229772366,Loungewear,ESLP00002,Moss,Medium,GoodNight Pyjama Bottom - Moss / Medium,9.79
40114229739598,Loungewear,ESLP00002,Moss,Small,GoodNight Pyjama Bottom - Moss / Small,9.48
40114229837902,Loungewear,ESLP00002,Moss,XL,GoodNight Pyjama Bottom - Moss / XL,10.74
40110634303566,Loungewear,ESLP00002,Clay,1X,GoodNight Pyjama Bottom - Clay / 1X,10.95
40110634369102,Loungewear,ESLP00002,Clay,3X,GoodNight Pyjama Bottom - Clay / 3X,11.27
40110634238030,Loungewear,ESLP00002,Clay,Large,GoodNight Pyjama Bottom - Clay / Large,10.53
40110634270798,Loungewear,ESLP00002,Clay,XL,GoodNight Pyjama Bottom - Clay / XL,10.74
40110634631246,Loungewear,ESLP00002,Navy,3X,GoodNight Pyjama Bottom - Navy / 3X,11.27
40110634500174,Loungewear,ESLP00002,Navy,Large,GoodNight Pyjama Bottom - Navy / Large,10.53
40110634467406,Loungewear,ESLP00002,Navy,Medium,GoodNight Pyjama Bottom - Navy / Medium,9.79
40110634532942,Loungewear,ESLP00002,Navy,XL,GoodNight Pyjama Bottom - Navy / XL,10.74
40230424870990,Loungewear,ESLP00002,Petal,Large,GoodNight Pyjama Bottom - Petal / Large,10.53
40230424838222,Loungewear,ESLP00002,Petal,Medium,GoodNight Pyjama Bottom - Petal / Medium,9.79
40399730147406,Loungewear,ESLP00002,Ruby,1X,GoodNight Pyjama Bottom - Ruby / 1X,10.95
40399730180174,Loungewear,ESLP00002,Ruby,2X,GoodNight Pyjama Bottom - Ruby / 2X,10.95
40399730081870,Loungewear,ESLP00002,Ruby,Large,GoodNight Pyjama Bottom - Ruby / Large,10.53
40399730049102,Loungewear,ESLP00002,Ruby,Medium,GoodNight Pyjama Bottom - Ruby / Medium,9.79
40399730016334,Loungewear,ESLP00002,Ruby,Small,GoodNight Pyjama Bottom - Ruby / Small,9.48
40399730114638,Loungewear,ESLP00002,Ruby,XL,GoodNight Pyjama Bottom - Ruby / XL,10.74
40110633779278,Loungewear,ESLP00002,Ember,1X,GoodNight Pyjama Bottom - Ember / 1X,10.95
40110633812046,Loungewear,ESLP00002,Ember,2X,GoodNight Pyjama Bottom - Ember / 2X,10.95
40110633844814,Loungewear,ESLP00002,Ember,3X,GoodNight Pyjama Bottom - Ember / 3X,11.27
40110633713742,Loungewear,ESLP00002,Ember,Large,GoodNight Pyjama Bottom - Ember / Large,10.53
40110633680974,Loungewear,ESLP00002,Ember,Medium,GoodNight Pyjama Bottom - Ember / Medium,9.79
40110633648206,Loungewear,ESLP00002,Ember,Small,GoodNight Pyjama Bottom - Ember / Small,9.48
40110633746510,Loungewear,ESLP00002,Ember,XL,GoodNight Pyjama Bottom - Ember / XL,10.74
40110633615438,Loungewear,ESLP00002,Ember,XS,GoodNight Pyjama Bottom - Ember / XS,9.27
40110634041422,Loungewear,ESLP00002,Sand,1X,GoodNight Pyjama Bottom - Sand / 1X,10.95
40110634074190,Loungewear,ESLP00002,Sand,2X,GoodNight Pyjama Bottom - Sand / 2X,10.95
40110634106958,Loungewear,ESLP00002,Sand,3X,GoodNight Pyjama Bottom - Sand / 3X,11.27
40110633975886,Loungewear,ESLP00002,Sand,Large,GoodNight Pyjama Bottom - Sand / Large,10.53
40110633943118,Loungewear,ESLP00002,Sand,Medium,GoodNight Pyjama Bottom - Sand / Medium,9.79
40110634008654,Loungewear,ESLP00002,Sand,XL,GoodNight Pyjama Bottom - Sand / XL,10.74
40200691318862,Loungewear,ESGS00003,Hazel,1X,GoodNight Pyjama Short - Hazel / 1X,9.55
40200691253326,Loungewear,ESGS00003,Hazel,Large,GoodNight Pyjama Short - Hazel / Large,9.18
40200691220558,Loungewear,ESGS00003,Hazel,Medium,GoodNight Pyjama Short - Hazel / Medium,8.54
40200691187790,Loungewear,ESGS00003,Hazel,Small,GoodNight Pyjama Short - Hazel / Small,8.26
40200690991182,Loungewear,ESGS00003,Sand,Large,GoodNight Pyjama Short - Sand / Large,9.18
40200690958414,Loungewear,ESGS00003,Sand,Medium,GoodNight Pyjama Short - Sand / Medium,8.54
40200690925646,Loungewear,ESGS00003,Sand,Small,GoodNight Pyjama Short - Sand / Small,8.26
40200691023950,Loungewear,ESGS00003,Sand,XL,GoodNight Pyjama Short - Sand / XL,9.36
40200690892878,Loungewear,ESGS00003,Sand,XS,GoodNight Pyjama Short - Sand / XS,8.08
40200690827342,Loungewear,ESGS00003,Dusk,2X,GoodNight Pyjama Short - Dusk / 2X,9.55
40200690729038,Loungewear,ESGS00003,Dusk,Large,GoodNight Pyjama Short - Dusk / Large,9.18
40200690696270,Loungewear,ESGS00003,Dusk,Medium,GoodNight Pyjama Short - Dusk / Medium,8.54
40200690663502,Loungewear,ESGS00003,Dusk,Small,GoodNight Pyjama Short - Dusk / Small,8.26
40200690761806,Loungewear,ESGS00003,Dusk,XL,GoodNight Pyjama Short - Dusk / XL,9.36
40244728987726,Loungewear,ESLP00012,Moss,1X,GoodNight Pyjama Top - Moss / 1X,10.95
40244729020494,Loungewear,ESLP00012,Moss,2X,GoodNight Pyjama Top - Moss / 2X,10.95
40244729053262,Loungewear,ESLP00012,Moss,3X,GoodNight Pyjama Top - Moss / 3X,11.27
40244728922190,Loungewear,ESLP00012,Moss,Large,GoodNight Pyjama Top - Moss / Large,10.53
40244728889422,Loungewear,ESLP00012,Moss,Medium,GoodNight Pyjama Top - Moss / Medium,9.79
40244728856654,Loungewear,ESLP00012,Moss,Small,GoodNight Pyjama Top - Moss / Small,9.48
40244728954958,Loungewear,ESLP00012,Moss,XL,GoodNight Pyjama Top - Moss / XL,10.74
40244728725582,Loungewear,ESLP00012,Ember,1X,GoodNight Pyjama Top - Ember / 1X,10.95
40244728758350,Loungewear,ESLP00012,Ember,2X,GoodNight Pyjama Top - Ember / 2X,10.95
40244728791118,Loungewear,ESLP00012,Ember,3X,GoodNight Pyjama Top - Ember / 3X,11.27
40244728660046,Loungewear,ESLP00012,Ember,Large,GoodNight Pyjama Top - Ember / Large,10.53
40244728627278,Loungewear,ESLP00012,Ember,Medium,GoodNight Pyjama Top - Ember / Medium,9.79
40244728594510,Loungewear,ESLP00012,Ember,Small,GoodNight Pyjama Top - Ember / Small,9.48
40244728692814,Loungewear,ESLP00012,Ember,XL,GoodNight Pyjama Top - Ember / XL,10.74
40239826796622,Loungewear,ESGR00001,Jet Black,Large,GoodNight Robe - Jet Black / Large,51.03
40239826763854,Loungewear,ESGR00001,Jet Black,Medium,GoodNight Robe - Jet Black / Medium,47.46
39530725638222,Sportswear,HLSPT01,Moss,1X,Sports Vest - Moss / 1X,28.76
39530725703758,Sportswear,HLSPT01,Moss,2X,Sports Vest - Moss / 2X,28.76
39530725474382,Sportswear,HLSPT01,Moss,Large,Sports Vest - Moss / Large,27.65
39530725441614,Sportswear,HLSPT01,Moss,Medium,Sports Vest - Moss / Medium,25.71
39530725376078,Sportswear,HLSPT01,Moss,Small,Sports Vest - Moss / Small,24.89
39530725539918,Sportswear,HLSPT01,Moss,XL,Sports Vest - Moss / XL,28.2
39530725245006,Sportswear,HLSPT01,Moss,XS,Sports Vest - Moss / XS,24.33
39530764337230,Sportswear,HLSPT01,Cinnamon,Large,Sports Vest - Cinnamon / Large,27.65
40128461701198,Sportswear,HLSPT01,Hazel,2X,Sports Vest - Hazel / 2X,28.76
40128461733966,Sportswear,HLSPT01,Hazel,3X,Sports Vest - Hazel / 3X,29.59
40128461537358,Sportswear,HLSPT01,Hazel,Small,Sports Vest - Hazel / Small,24.89
31872561086542,Sportswear,HLSPT01,Ember,1X,Sports Vest - Ember / 1X,28.76
31872561119310,Sportswear,HLSPT01,Ember,2X,Sports Vest - Ember / 2X,28.76
31872561021006,Sportswear,HLSPT01,Ember,Large,Sports Vest - Ember / Large,27.65
31872560988238,Sportswear,HLSPT01,Ember,Medium,Sports Vest - Ember / Medium,25.71
31872560955470,Sportswear,HLSPT01,Ember,Small,Sports Vest - Ember / Small,24.89
31872561053774,Sportswear,HLSPT01,Ember,XL,Sports Vest - Ember / XL,28.2
31872560922702,Sportswear,HLSPT01,Ember,XS,Sports Vest - Ember / XS,24.33
31872561348686,Sportswear,HLSPT01,Sand,1X,Sports Vest - Sand / 1X,28.76
31872561381454,Sportswear,HLSPT01,Sand,2X,Sports Vest - Sand / 2X,28.76
31872561283150,Sportswear,HLSPT01,Sand,Large,Sports Vest - Sand / Large,27.65
31872561250382,Sportswear,HLSPT01,Sand,Medium,Sports Vest - Sand / Medium,25.71
31872561217614,Sportswear,HLSPT01,Sand,Small,Sports Vest - Sand / Small,24.89
31872561315918,Sportswear,HLSPT01,Sand,XL,Sports Vest - Sand / XL,28.2
31872561184846,Sportswear,HLSPT01,Sand,XS,Sports Vest - Sand / XS,24.33
39421720100942,Sportswear,HLSPT01,Dusk,1X,Sports Vest - Dusk / 1X,28.76
39421720297550,Sportswear,HLSPT01,Dusk,2X,Sports Vest - Dusk / 2X,28.76
39421719216206,Sportswear,HLSPT01,Dusk,Medium,Sports Vest - Dusk / Medium,25.71
39421716234318,Sportswear,HLSPT01,Dusk,Small,Sports Vest - Dusk / Small,24.89
39421719871566,Sportswear,HLSPT01,Dusk,XL,Sports Vest - Dusk / XL,28.2
39724646137934,Tops,ETTT0201,Moss,1X,Tank Top - Moss / 1X,51.48
39724646400078,Tops,ETTT0201,Moss,2X,Tank Top - Moss / 2X,51.48
39724644335694,Tops,ETTT0201,Moss,Large,Tank Top - Moss / Large,49.5
39724644073550,Tops,ETTT0201,Moss,Medium,Tank Top - Moss / Medium,46.04
39724639977550,Tops,ETTT0201,Moss,Small,Tank Top - Moss / Small,44.55
39724644433998,Tops,ETTT0201,Moss,XL,Tank Top - Moss / XL,50.49
40440954454094,Tops,ETTT0201,Midnight,1X,Tank Top - Midnight / 1X,51.48
39541981184078,Tops,ETTT0201,Ember,1X,Tank Top - Ember / 1X,51.48
39541981216846,Tops,ETTT0201,Ember,2X,Tank Top - Ember / 2X,51.48
39541981118542,Tops,ETTT0201,Ember,Large,Tank Top - Ember / Large,49.5
39541981085774,Tops,ETTT0201,Ember,Medium,Tank Top - Ember / Medium,46.04
39541981053006,Tops,ETTT0201,Ember,Small,Tank Top - Ember / Small,44.55
39541981151310,Tops,ETTT0201,Ember,XL,Tank Top - Ember / XL,50.49
39541981446222,Tops,ETTT0201,Sand,1X,Tank Top - Sand / 1X,51.48
39541981478990,Tops,ETTT0201,Sand,2X,Tank Top - Sand / 2X,51.48
39541981380686,Tops,ETTT0201,Sand,Large,Tank Top - Sand / Large,49.5
39541981347918,Tops,ETTT0201,Sand,Medium,Tank Top - Sand / Medium,46.04
39541981315150,Tops,ETTT0201,Sand,Small,Tank Top - Sand / Small,44.55
39541981413454,Tops,ETTT0201,Sand,XL,Tank Top - Sand / XL,50.49
39541981282382,Tops,ETTT0201,Sand,XS,Tank Top - Sand / XS,43.56
39541981708366,Tops,ETTT0201,Dusk,1X,Tank Top - Dusk / 1X,51.48
39541981741134,Tops,ETTT0201,Dusk,2X,Tank Top - Dusk / 2X,51.48
39541981773902,Tops,ETTT0201,Dusk,3X,Tank Top - Dusk / 3X,52.97
39541981642830,Tops,ETTT0201,Dusk,Large,Tank Top - Dusk / Large,49.5
39541981610062,Tops,ETTT0201,Dusk,Medium,Tank Top - Dusk / Medium,46.04
39541981577294,Tops,ETTT0201,Dusk,Small,Tank Top - Dusk / Small,44.55
39541981675598,Tops,ETTT0201,Dusk,XL,Tank Top - Dusk / XL,50.49
39474848727118,Bottoms,ETUT0101,Charcoal,Large,Universal Trousers - Charcoal / Large,43.6
39474848694350,Bottoms,ETUT0101,Charcoal,Medium,Universal Trousers - Charcoal / Medium,40.55
39474848661582,Bottoms,ETUT0101,Charcoal,Small,Universal Trousers - Charcoal / Small,39.24
39474848759886,Bottoms,ETUT0101,Charcoal,XL,Universal Trousers - Charcoal / XL,44.47
40236984664142,Bottoms,ETUT0101,Graphite,2X,Universal Trousers - Graphite / 2X,45.34
40236984533070,Bottoms,ETUT0101,Graphite,Medium,Universal Trousers - Graphite / Medium,40.55
39474849316942,Bottoms,ETUT0101,Jet Black,1X,Universal Trousers - Jet Black / 1X,45.34
39474849382478,Bottoms,ETUT0101,Jet Black,3X,Universal Trousers - Jet Black / 3X,46.65
39474849251406,Bottoms,ETUT0101,Jet Black,Large,Universal Trousers - Jet Black / Large,43.6
39474849218638,Bottoms,ETUT0101,Jet Black,Medium,Universal Trousers - Jet Black / Medium,40.55
39474849185870,Bottoms,ETUT0101,Jet Black,Small,Universal Trousers - Jet Black / Small,39.24
39474849284174,Bottoms,ETUT0101,Jet Black,XL,Universal Trousers - Jet Black / XL,44.47
39474849153102,Bottoms,ETUT0101,Jet Black,XS,Universal Trousers - Jet Black / XS,38.37
39474848989262,Bottoms,ETUT0101,Slate,Large,Universal Trousers - Slate / Large,43.6
39474848956494,Bottoms,ETUT0101,Slate,Medium,Universal Trousers - Slate / Medium,40.55
39474848923726,Bottoms,ETUT0101,Slate,Small,Universal Trousers - Slate / Small,39.24
39474849022030,Bottoms,ETUT0101,Slate,XL,Universal Trousers - Slate / XL,44.47